Name,Address,City,ZipCode,Date,Score
Isabelle I. Dotson,,LamontzŽe,12144-86218,02.24.21,21
Erin F. Munoz,"P.O. Box 737, 6015 Ligula St.",Springfield,6373,10.15.20,21
Troy G. Harrell,3706 Ut St.,Herne,69259,
Yen W. Summers,"P.O. Box 939, 8016 Egestas Av.",Elversele,93452,05.24.21,21
Jerome B. Carney,298-7004 Natoque St.,Osimo,,09.23.20,24
Yuri O. Head,"P.O. Box 214, 231 Dapibus Ave",Lac-Serent,4464,12.22.21,17
Ima A. Richard,"Ap #496-7181 Ullamcorper, St.",Lehrte,21449,09.12.21,22
Eleanor Q. Guerrero,5425 Ornare St.,Arendonk,00636,02.15.22,21
Stuart F. Daniels,719-8478 Nunc St.,Mataram,43168,06.20.21,15
Cara G. Beach,648-517 Velit. Av.,Casciana Terme,78450,02.12.22,19
Nolan E. Cortez,Ap #766-6998 Gravida Rd.,Manfredonia,09534,12.14.20,23
Darius H. Beach,Ap #251-7151 Donec Av.,Valuyki,903927,10.31.21,14
Christian T. Mercer,"P.O. Box 858, 1997 Elit, Avenue",Guaymas,21574,10.20.20,19
Florence F. Gordon,543-831 Est. Rd.,Valcourt,6387,12.01.21,25
Wilma I. Patton,"P.O. Box 299, 7144 Orci Street",Palermo,233311,12.27.20,17
Rajah I. Jensen,Ap #782-6146 Turpis St.,Arquata del Tronto,15936,02.06.21,21
Zoe U. Whitfield,Ap #200-7243 Sit St.,Chesapeake,W2A 0QO,12.01.21,19
May K. Wood,"777-1067 Auctor, Ave",Maastricht,754025,01.06.21,13
Beck Q. Monroe,"P.O. Box 123, 9085 Lorem, Rd.",Reading,27665,08.03.22,24
Amanda A. Marks,638-3732 Fermentum Road,Sindelfingen,678968,11.20.20,11
Serina X. Lang,"P.O. Box 780, 2133 Rutrum Road",Bromyard,Z7366,07.02.21,14
Lionel L. Bartlett,Ap #400-1963 Pellentesque. Ave,Aparecida de Goiânia,744476,12.21.21,17
Florence Z. Oconnor,839 Cras Road,Etawah,15197,11.29.20,24
Chloe Y. Sears,361-5600 Per St.,Mission,0787 KM,
Mariam N. Tyler,589-6397 Scelerisque Road,Pozzuolo del Friuli,T5G 6M8,05.12.21,23
Dana A. Jefferson,Ap #142-8392 Consequat Avenue,Khammam,49399,02.06.21,20
Nola N. Chan,Ap #878-314 Faucibus Rd.,Requínoa,1640,06.10.22,10
Owen Z. Odom,1659 Risus. Street,Valuyki,12758,02.03.21,20
Serina B. Nash,"P.O. Box 143, 5197 At Avenue",San Costantino Calabro,77234,10.31.21,18
Salvador I. Powell,356-7423 Semper Road,Cardiff,Z4197,05.28.22,19

